Workbook

Sheet README
A1: Supplementary File S3
A2: Two-Reviewer Baseline Reconciliation and Verified Baseline-Role Counts
A4: Associated manuscript: Performance Evaluation of Multi-Armed Bandit Recommender Systems: A Systematic Literature Review (1985-2024) with an Extended Frontier Analysis (2024-2026).
A5: Author: Ojediran Alaba Bolaji, Department of Computer Science, Lagos State University (LASU), Ojo, Lagos, Nigeria.
A6: Referenced in manuscript Section 2.4 (Data Extraction and Coding), Section 3.3, Section 4.4 (Gap 4), Section 6 (Limitations), and Supplementary File S2 (PRISMA items 8 and 9).
A8: Purpose
A9: This file documents the two-reviewer reconciliation of the comparison-baseline coding for the 62 included studies, and reports the verified baseline-role counts that the manuscript cites. Because the extraction matrix contained no dedicated baseline field, baseline information was recovered from study text; Reviewer 1 coded the corpus first, Reviewer 2 then independently verified each study against the original papers, and the two codings were reconciled.
A11: Inter-rater reliability
A12: Agreement on the binary baseline-status judgement (whether a study names at least one comparison baseline) was assessed using Cohen's kappa, yielding kappa = -0.032. The divergence was almost entirely one-directional: Reviewer 2, working from the source articles, identified named baselines in 23 of the 24 studies that Reviewer 1 had been unable to resolve from the extraction record alone. The low value reflects that the initial extraction record understated baselines that the original papers in fact contained.
A14: Reconciliation rule
A15: Where the two reviewers diverged, Reviewer 2's reading was treated as authoritative because it rests directly on the primary sources. The resolved coding records that 61 of the 62 studies name at least one comparison baseline; one study (paper 55) remains indeterminate.
A17: Contents of this workbook
... A26: Reviewer 1 = initial coding pass; Reviewer 2 = independent verification against the original papers. Reviewer 2's source-based reading supersedes Reviewer 1 wherever the two diverge.

Sheet Reconciliation
C1: Reviewer 1 (initial) | E1: Reviewer 2 (verification vs original papers) | H1: Resolved (Reviewer 2 authoritative on divergence)
A2: # | B2: Paper title | C2: Reviewer 1: baselines | D2: R1 status | E2: Reviewer 2: baselines (from original paper) | F2: R2 status | G2: R2 vs R1 | H2: RESOLVED baselines (authoritative) | I2: RESOLVED status | J2: Note
A3: 1 | B3: A Contextual Multi-armed Bandit Approach Based on Implicit Feedback for Online Recommendation | C3: (none named) | D3: Indeterminate | E3: Bandit Ensemble Algorithm Based on Thompson Sampling (BEER [TS]) | F3: Coded | G3: Disagree | H3: Bandit Ensemble Algorithm Based on Thompson Sampling (BEER [TS]) | I3: Coded | J3: The research conducts Experiment 1 to compare the IF-TS algorithm against BEER [TS] using three evaluation metrics: cumulative rewards, precision, and recall The results indicate that IF-TS performs significantly better than BEER [TS] in these metrics
A4: 2 | B4: A Hybrid Proactive Caching System in Vehicular Networks Based on Contextual Multi-Armed Bandit Learning | C4: (none named) | D4: Indeterminate | E4: Previous-RSU cMAB;CPT+ based Proactive Caching System;PPM based Proactive Caching System | F4: Coded | G4: Disagree | H4: Previous-RSU cMAB;CPT+ based Proactive Caching System;PPM based Proactive Caching System | I4: Coded | J4: In this research, several baseline algorithms were used for comparison against the proposed Hybrid Proactive Caching System to evaluate its prediction performance.
A5: 3 | B5: A Multi-Armed Bandit Approach to Cost-Sensitive Decision Tree Learning | C5: Pareto-UCB1; Pareto-KG; Pareto Thompson Sampling; annealing-Pareto; (six classifiers: J48, EG2, MetaCost, AdaCostM1, ICET, ACT) | D5: Coded | E5: J4.8; EG2; MetaCost; AdaCostM1; ICET; ACT | F5: Coded | G5: Agree | H5: J4.8; EG2; MetaCost; AdaCostM1; ICET; ACT | I5: Coded | J5: However, it should be noted that the provided document does not mention Pareto-UCB1, Pareto-KG, or Pareto Thompson Sampling as baseline algorithms used for comparison with the proposed Multi-Armed Bandit (MA_CSDT) approach. The algorithms explicitly listed for comparison are J4.8, EG2, MetaCost, AdaCostM1, ICET, and ACT. These were chosen to represent both accuracy-focused benchmarks and established cost-sensitive decision tree algorithms.
A6: 4 | B6: A Multi-armed Bandit Approach to Online Spatial Task Assignment | C6: E-greedy; Softmax | D6: Coded | E6: E-greedy; Softmax; Exp3; UCB2 | F6: Coded | G6: Agree | H6: E-greedy; Softmax; Exp3; UCB2 | I6: Coded
A7: 5 | B7: A multi-armed bandit model-based vertical handoff algorithm for heterogeneous wireless networks | C7: Pareto-KG; Pareto-UCB1; Pareto Thompson Sampling; annealing-Pareto | D7: Coded | E7: Decision Tree-based VHO; Multi-Armed Bandit Model-based VHO; User-Centered Multi-Objective Handoff Algorithm | F7: Coded | G7: Disagree | H7: Decision Tree-based VHO; Multi-Armed Bandit Model-based VHO; User-Centered Multi-Objective Handoff Algorithm | I7: Coded | J7: Benchmark used differs from Pareto-KG; Pareto-UCB1; Pareto Thompson Sampling; annealing-Pareto
A8: 6 | B8: A Multi-Armed Bandit Recommender Algorithm Based on Conversation and KNN | C8: LinUCB; Arm-Con; ConUCB | D8: Coded | E8: LinUCB; Arm-Con; ConUCB | F8: Coded | G8: Agree | H8: LinUCB; Arm-Con; ConUCB | I8: Coded
A9: 7 | B9: A New Hyper-Heuristic Based on a Contextual Multi-Armed Bandit for Many-Objective Optimization | C9: (none named) | D9: Indeterminate | E9: MOEA/D-FRRMAB; MOEA/D-DRA | F9: Coded | G9: Disagree | H9: MOEA/D-FRRMAB; MOEA/D-DRA | I9: Coded
A10: 8 | B10: A New Hyper-Heuristic Based on a Restless Multi-armed Bandit for Multi-objective Optimization | C10: (none named) | D10: Indeterminate | E10: MOEA/D-FRRMAB; NSGA-II; IBEA; SPEA-2 | F10: Coded | G10: Disagree | H10: MOEA/D-FRRMAB; NSGA-II; IBEA; SPEA-2 | I10: Coded
A11: 9 | B11: A Robust Algorithm to Unifying Offline Causal Inference and Online Multi-armed Bandit Learning | C11: OptVirUCB; OptEffVirUCB; MOEA/D-DRA | D11: Coded | E11: VirUCB; UCB; OptVirUCB; OptEffVirUCB | F11: Coded | G11: Agree | H11: VirUCB; UCB; OptVirUCB; OptEffVirUCB | I11: Coded
A12: 10 | B12: A Truthful Pricing-based Defending Strategy against Adversarial Attacks in Budgeted Combinatorial Multi-armed Bandits | C12: (none named) | D12: Indeterminate | E12: Alice's Attack; ACE; Push-Attack; No-Attack; AUCB | F12: Coded | G12: Disagree | H12: Alice's Attack; ACE; Push-Attack; No-Attack; AUCB | I12: Coded
A13: 11 | B13: Achieving Resilience in SDN-Based Smart Grid A Multi-Armed Bandit Approach | C13: (none named) | D13: Indeterminate | E13: Centralized Approach; Random Approach; LFL-MAB with varying epsilon values | F13: Coded | G13: Disagree | H13: Centralized Approach; Random Approach; LFL-MAB with varying epsilon values | I13: Coded
A14: 12 | B14: AdaEE Adaptive Early-Exit DNN Inference Through Multi-Armed Bandits | C14: greedy; random stratified selection | D14: Coded | E14: Fixed Threshold Strategy; Random Threshold Strategy | F14: Coded | G14: Disagree | H14: Fixed Threshold Strategy; Random Threshold Strategy | I14: Coded
A15: 13 | B15: Adaptive User-Managed Service Placement for Mobile Edge Computing via Contextual Multi-Armed Bandit Learning | C15: (none named) | D15: Indeterminate | E15: Serving on the Cloud; Following User Mobility; LinUCB; Contextual Adaptive Greedy (CAG); Dueling DQN | F15: Coded | G15: Disagree | H15: Serving on the Cloud; Following User Mobility; LinUCB; Contextual Adaptive Greedy (CAG); Dueling DQN | I15: Coded
A16: 14 | B16: Annealing linear scalarized based multi-objective multi-armed bandit algorithm | C16: Pareto-KG; Pareto-UCB1; Pareto Thompson Sampling | D16: Coded | E16: Pareto-UCB1; Pareto-KG; Pareto Thompson Sampling | F16: Coded | G16: Disagree | H16: Pareto-UCB1; Pareto-KG; Pareto Thompson Sampling | I16: Coded
A17: 15 | B17: Annealing-pareto multi-objective multi-armed bandit algorithm | C17: Pareto-UCB1; Pareto Thompson Sampling | D17: Coded | E17: Pareto-UCB1; Pareto-KG; Pareto Thompson Sampling; Annealing-Pareto | F17: Coded | G17: Agree | H17: Pareto-UCB1; Pareto-KG; Pareto Thompson Sampling; Annealing-Pareto | I17: Coded
A18: 16 | B18: Arm order recognition in multi-armed bandit problem with laser chaos time series | C18: RoundRobin; UCB1; Chaos | D18: Coded | E18: RoundRobin; UCB1; Chaos | F18: Coded | G18: Agree | H18: RoundRobin; UCB1; Chaos | I18: Coded
A19: 17 | B19: Auction-Based Combinatorial Multi-Armed Bandit Mechanisms with Strategic Arms | C19: (none named) | D19: Indeterminate | E19: Optimal Algorithm; Separated Algorithm; Epsilon-First (e-first) Algorithm | F19: Coded | G19: Disagree | H19: Optimal Algorithm; Separated Algorithm; Epsilon-First (e-first) Algorithm | I19: Coded
... A64: 62 | B64: Two-Phase Multi-armed Bandit for Online Recommendation | C64: TS; UCB; e-greedy (one-phase bandit baselines) | D64: Coded | E64: ε-greedy; Thompson Sampling (TS); Popular; TS_TS | F64: Coded | G64: Disagree | H64: ε-greedy; Thompson Sampling (TS); Popular; TS_TS | I64: Coded

Sheet Kappa
A1: Cohen's kappa on baseline-status agreement (Coded vs Indeterminate)
A3: Contingency cell | B3: Count
A4: a: R1=Coded & R2=Coded | B4: =COUNTIFS(Reconciliation!$D$3:$D$64,"Coded",Reconciliation!$F$3:$F$64,"Coded") -> 37
A5: b: R1=Coded & R2=Indeterminate | B5: =COUNTIFS(Reconciliation!$D$3:$D$64,"Coded",Reconciliation!$F$3:$F$64,"Indeterminate") -> 1
A6: c: R1=Indeterminate & R2=Coded | B6: =COUNTIFS(Reconciliation!$D$3:$D$64,"Indeterminate",Reconciliation!$F$3:$F$64,"Coded") -> 24
A7: d: R1=Indeterminate & R2=Indeterminate | B7: =COUNTIFS(Reconciliation!$D$3:$D$64,"Indeterminate",Reconciliation!$F$3:$F$64,"Indeterminate") -> 0
A8: N = a+b+c+d | B8: =SUM(B4:B7) -> 62
A10: Po = (a+d)/N | B10: =IFERROR((B4+B7)/B8,"-") -> 0.59677419
A11: Pe = ((a+b)(a+c)+(c+d)(b+d))/N^2 | B11: =IFERROR((((B4+B5)*(B4+B6))+((B6+B7)*(B5+B7)))/(B8^2),"-") -> 0.60926119
A12: Cohen's kappa = (Po-Pe)/(1-Pe) | B12: =IFERROR((B10-B11)/(1-B11),"-") -> -0.03195739
A14: Agreements (R2 vs R1 = Agree) | B14: =COUNTIF(Reconciliation!$G$3:$G$64,"Agree") -> 25
A15: Disagreements (R2 vs R1 = Disagree) | B15: =COUNTIF(Reconciliation!$G$3:$G$64,"Disagree") -> 37
A16: Resolved: studies naming >=1 baseline (Coded) | B16: =COUNTIF(Reconciliation!$I$3:$I$64,"Coded") -> 61
A17: Resolved: Indeterminate | B17: =COUNTIF(Reconciliation!$I$3:$I$64,"Indeterminate") -> 1
A19: Interpretation (Landis & Koch, 1977): <0 poor; 0.01-0.20 slight; 0.21-0.40 fair; 0.41-0.60 moderate; 0.61-0.80 substantial; 0.81-1.00 almost perfect.
A20: The negative kappa here indicates the two reviewers' status judgements diverged beyond chance; the divergence was one-directional (Reviewer 2 found baselines Reviewer 1 had not), so Reviewer 2's source-based reading was adopted as authoritative.

Sheet Verified_Baseline_Counts
A1: Verified baseline-role counts (Reviewer-2 authoritative; one count per study; the study's own proposed method excluded).
A3: Baseline algorithm / family | B3: Studies (n) | C3: % of 62
A4: Upper Confidence Bound family (any variant) | B4: 28 | C4: =28/62 -> 0.4516129
A5: - UCB1 (incl. Pareto-UCB1, scalarized-UCB1, traditional UCB) | B5: 12 | C5: =12/62 -> 0.19354839
A6: - LinUCB / N-LinUCB | B6: 7 | C6: =7/62 -> 0.11290323
A7: - KL-UCB | B7: 2 | C7: =2/62 -> 0.032258065
A8: - UCB, generic / unspecified variant | B8: 8 | C8: =8/62 -> 0.12903226
A9: Thompson Sampling (incl. Pareto-TS, MP-TS, PTS) | B9: 17 | C9: =17/62 -> 0.27419355
A10: Random policy | B10: 17 | C10: =17/62 -> 0.27419355
A11: Epsilon-greedy | B11: 11 | C11: =11/62 -> 0.17741935
A12: Greedy (pure / Gaussian / oracle greedy) | B12: 11 | C12: =11/62 -> 0.17741935
A13: EXP3 / EXP4 | B13: 6 | C13: =6/62 -> 0.096774194
A14: Epsilon-first / epsilon-decreasing | B14: 5 | C14: =5/62 -> 0.080645161
A15: Oracle / optimal / genie-aided | B15: 5 | C15: =5/62 -> 0.080645161
A16: Pareto-KG / Knowledge Gradient | B16: 4 | C16: =4/62 -> 0.064516129
A17: Softmax / Boltzmann | B17: 3 | C17: =3/62 -> 0.048387097
A18: FRRMAB / RMAB family | B18: 3 | C18: =3/62 -> 0.048387097
A19: Round Robin | B19: 2 | C19: =2/62 -> 0.032258065
A20: MOSS | B20: 1 | C20: =1/62 -> 0.016129032
A21: DSEE | B21: 1 | C21: =1/62 -> 0.016129032
A22: NSGA-II / IBEA / SPEA-2 | B22: 1 | C22: =1/62 -> 0.016129032
A23: MPTCP / TCP | B23: 1 | C23: =1/62 -> 0.016129032
A24: Minstrel | B24: 1 | C24: =1/62 -> 0.016129032
A26: Note. Counts sum to more than 62 because most studies use several baselines. UCB sub-rows may overlap within a study; the family row counts each study once. Based on the resolved (Reviewer-2 authoritative) coding in the Reconciliation sheet.
